epoch,batch,train_loss,train_accuracy
0,0,0.7072705,0.8
1,1,1.3701787,0.6
1,2,1.1432967,0.5
1,3,0.85411865,0.65
1,4,0.70062906,0.8
1,5,1.1786274,0.6
1,6,1.0902421,0.6
1,7,0.8234566,0.6
1,8,1.0669816,0.6
1,9,1.173046,0.45
1,10,1.3790977,0.4
1,11,0.80506945,0.65
1,12,1.0029294,0.6
1,13,1.023492,0.55
1,14,0.7566091,0.8
1,15,0.8187146,0.6
1,16,1.1401756,0.5
1,17,1.1411897,0.6
1,18,0.86776555,0.55
1,19,1.1876372,0.5
1,20,1.0873791,0.55
1,21,1.2106663,0.4
1,22,1.2299217,0.5
1,23,1.0134907,0.6
1,24,0.9547967,0.65
1,25,0.919158,0.65
1,26,1.10468,0.45
1,27,0.8845581,0.6
1,28,0.9451825,0.65
1,29,1.022856,0.55
1,30,1.2443099,0.6
1,31,1.9826257,0.35
1,32,1.3409156,0.5
1,33,1.2848105,0.35
1,34,1.3117616,0.45
1,35,1.0680033,0.6
1,36,1.1582618,0.35
1,37,0.9424736,0.55
1,38,0.94889325,0.45
1,39,1.3400877,0.25
1,40,1.3777057,0.45
1,41,1.0564535,0.6
1,42,0.9402544,0.55
1,43,0.92115813,0.75
1,44,0.92031366,0.6
1,45,0.94527626,0.65
1,46,1.0072172,0.55
1,47,1.153112,0.3
1,48,1.1042647,0.55
1,49,0.9321998,0.7
1,50,1.0811778,0.55
2,51,1.0667486,0.65
2,52,1.0362236,0.6
2,53,1.1429651,0.5
2,54,0.7145342,0.75
2,55,1.2543069,0.45
2,56,1.0751536,0.55
2,57,0.9955537,0.7
2,58,1.0356933,0.6
2,59,1.3062152,0.35
2,60,0.97752506,0.65
2,61,0.90639913,0.65
2,62,1.050875,0.7
2,63,1.1380866,0.3
2,64,1.0088944,0.6
2,65,1.3732798,0.4
2,66,1.1803415,0.4
2,67,1.5921997,0.3
2,68,1.1456846,0.55
2,69,1.0774467,0.5
2,70,1.018316,0.5
2,71,1.027324,0.55
2,72,1.1918147,0.55
2,73,1.083104,0.55
2,74,1.0115322,0.5
2,75,0.9259254,0.5
2,76,1.0276308,0.6
2,77,1.1177133,0.5
2,78,1.0443848,0.5
2,79,0.9479644,0.6
2,80,1.2328297,0.45
2,81,1.1202629,0.55
2,82,1.2869223,0.5
2,83,1.0462288,0.4
2,84,0.935392,0.55
2,85,0.81398594,0.6
2,86,1.5726995,0.3
2,87,1.2515293,0.45
2,88,1.0284383,0.55
2,89,1.2126449,0.5
2,90,0.92139894,0.6
2,91,0.93805945,0.6
2,92,0.76587963,0.7
2,93,0.89748126,0.55
2,94,1.1433972,0.5
2,95,0.924261,0.65
2,96,0.9506596,0.6
2,97,1.1053338,0.45
2,98,1.11456,0.4
2,99,0.98472166,0.5
2,100,0.6353283,0.75
3,101,0.9634446,0.55
3,102,0.8183152,0.65
3,103,1.1809614,0.45
3,104,1.6222813,0.35
3,105,1.0874765,0.55
3,106,1.10195,0.6
3,107,0.87744844,0.75
3,108,1.0606631,0.65
3,109,1.2436225,0.5
3,110,1.2656934,0.35
3,111,0.76094186,0.7
3,112,1.2457035,0.55
3,113,0.89619386,0.7
3,114,1.1253252,0.5
3,115,1.3994428,0.4
3,116,0.95788467,0.6
3,117,1.0068992,0.6
3,118,0.96958244,0.6
3,119,0.9882593,0.55
3,120,1.5199163,0.25
3,121,1.185349,0.5
3,122,0.9345514,0.5
3,123,1.0873264,0.5
3,124,1.132925,0.65
3,125,1.227398,0.4
3,126,0.9612563,0.55
3,127,0.9310978,0.65
3,128,0.9208457,0.6
3,129,1.1627353,0.55
3,130,0.9692076,0.55
3,131,0.8416108,0.75
3,132,1.1715057,0.5
3,133,1.0327957,0.5
3,134,1.0498589,0.6
3,135,1.0659983,0.7
3,136,0.8581837,0.7
3,137,1.048426,0.55
3,138,0.92004144,0.6
3,139,1.4360596,0.55
3,140,1.0444238,0.65
3,141,1.2543834,0.6
3,142,0.8743852,0.7
3,143,1.4029318,0.45
3,144,0.87072134,0.65
3,145,0.89715546,0.55
3,146,1.4974419,0.35
3,147,0.9586784,0.55
3,148,1.0807023,0.65
3,149,1.075834,0.55
3,150,1.0402628,0.5
4,151,0.9928883,0.65
4,152,1.3388655,0.45
4,153,0.8968452,0.6
4,154,1.092099,0.65
4,155,1.043027,0.65
4,156,1.1857704,0.5
4,157,1.3358504,0.5
4,158,1.3098963,0.4
4,159,1.0629585,0.6
4,160,1.0021311,0.7
4,161,1.3692895,0.45
4,162,0.92373717,0.55
4,163,1.0126674,0.5
4,164,0.8045448,0.75
4,165,1.2365953,0.55
4,166,0.9929762,0.6
4,167,1.364375,0.55
4,168,1.1909888,0.55
4,169,1.4483802,0.5
4,170,1.190833,0.7
4,171,1.1004012,0.45
4,172,1.3791237,0.3
4,173,1.037214,0.5
4,174,1.2825915,0.45
4,175,0.6953328,0.7
4,176,0.9286814,0.6
4,177,1.1487693,0.6
4,178,0.58074653,0.8
4,179,1.1219289,0.45
4,180,1.0448567,0.5
4,181,1.2322376,0.5
4,182,1.3544061,0.45
4,183,0.9869288,0.6
4,184,0.9409212,0.55
4,185,1.2167429,0.45
4,186,1.2334164,0.4
4,187,1.5131521,0.35
4,188,1.1265428,0.45
4,189,1.1016815,0.55
4,190,1.22421,0.4
4,191,0.986122,0.6
4,192,1.0482094,0.65
4,193,1.1384609,0.5
4,194,0.9307331,0.55
4,195,0.86195534,0.75
4,196,0.8329608,0.5
4,197,1.0544492,0.6
4,198,0.8627244,0.7
4,199,0.9927117,0.55
4,200,0.9294715,0.7
5,201,1.0953197,0.55
5,202,1.1208957,0.45
5,203,1.2388442,0.45
5,204,1.3703337,0.55
5,205,0.64159817,0.75
5,206,1.0663766,0.55
5,207,1.1345251,0.55
5,208,1.0924048,0.6
5,209,0.95745975,0.55
5,210,1.0452325,0.65
5,211,1.2233144,0.45
5,212,1.1701816,0.65
5,213,0.81460637,0.7
5,214,1.2597682,0.45
5,215,1.194421,0.5
5,216,1.1767027,0.6
5,217,0.79140246,0.8
5,218,1.2528074,0.55
5,219,1.7269859,0.3
5,220,0.770033,0.7
5,221,1.0352824,0.6
5,222,1.4287854,0.45
5,223,1.1053395,0.55
5,224,1.1155157,0.45
5,225,0.75988704,0.7
5,226,1.1500924,0.5
5,227,1.088795,0.6
5,228,1.1520418,0.45
5,229,0.9545867,0.6
5,230,1.146246,0.5
5,231,0.83647317,0.7
5,232,1.1935585,0.5
5,233,1.3383064,0.5
5,234,1.3546176,0.45
5,235,1.1165593,0.55
5,236,0.8971855,0.7
5,237,1.1594279,0.55
5,238,1.1979296,0.55
5,239,0.99156684,0.65
5,240,1.3192015,0.5
5,241,1.0514901,0.65
5,242,0.89630395,0.65
5,243,1.02561,0.5
5,244,0.94926643,0.6
5,245,0.9981082,0.6
5,246,0.9525677,0.55
5,247,0.95845366,0.6
5,248,0.9844767,0.65
5,249,1.3815295,0.55
5,250,0.77614063,0.65
6,251,1.3369,0.35
6,252,1.1716856,0.45
6,253,0.94507563,0.65
6,254,1.0417435,0.6
6,255,0.87191314,0.65
6,256,1.0187166,0.55
6,257,0.9674193,0.55
6,258,1.090008,0.55
6,259,0.92668563,0.5
6,260,1.023488,0.55
6,261,0.997039,0.7
6,262,1.067548,0.45
6,263,0.8601475,0.65
6,264,1.1364641,0.5
6,265,1.704257,0.2
6,266,1.3360109,0.4
6,267,1.1123234,0.5
6,268,0.88285464,0.55
6,269,1.1137311,0.65
6,270,1.0870478,0.55
6,271,1.2370931,0.55
6,272,1.1047513,0.6
6,273,1.1896476,0.45
6,274,1.3486043,0.45
6,275,0.8232163,0.5
6,276,0.9842269,0.7
6,277,1.168148,0.5
6,278,0.909198,0.65
6,279,1.4363878,0.3
6,280,1.1446972,0.65
6,281,1.4594388,0.45
6,282,0.9926394,0.6
6,283,1.1974573,0.45
6,284,1.4096057,0.45
6,285,0.8820834,0.7
6,286,0.8829969,0.7
6,287,0.96249735,0.6
6,288,0.88777673,0.65
6,289,0.916453,0.6
6,290,0.6491103,0.75
6,291,1.3886893,0.4
6,292,1.2892337,0.5
6,293,1.0111172,0.6
6,294,1.0054716,0.55
6,295,0.8105464,0.75
6,296,1.0571811,0.45
6,297,1.121362,0.5
6,298,1.177252,0.6
6,299,1.224911,0.35
6,300,0.83471453,0.75
7,301,1.1982236,0.45
7,302,1.1378154,0.7
7,303,1.2569275,0.55
7,304,0.9888592,0.55
7,305,0.9268217,0.5
7,306,1.026913,0.6
7,307,1.3947673,0.3
7,308,1.2626452,0.5
7,309,1.2509692,0.4
7,310,1.0633829,0.45
7,311,1.0654233,0.55
7,312,0.83732784,0.7
7,313,1.3127245,0.3
7,314,0.85276425,0.7
7,315,0.7470629,0.8
7,316,1.0187666,0.4
7,317,0.7857406,0.6
7,318,1.075396,0.6
7,319,0.9787122,0.7
7,320,1.1673415,0.55
7,321,0.791376,0.75
7,322,1.0247349,0.55
7,323,1.0787352,0.4
7,324,0.93302023,0.65
7,325,0.8049699,0.7
7,326,0.9763036,0.65
7,327,0.8147272,0.8
7,328,0.83517426,0.7
7,329,0.93790674,0.55
7,330,0.78614485,0.7
7,331,1.1072555,0.55
7,332,1.0792269,0.6
7,333,1.431259,0.35
7,334,0.9431635,0.6
7,335,0.9574267,0.6
7,336,0.96752805,0.55
7,337,1.1138194,0.5
7,338,0.6860975,0.75
7,339,0.95127076,0.75
7,340,1.067249,0.55
7,341,0.85697854,0.65
7,342,1.0520145,0.6
7,343,0.9529934,0.75
7,344,1.0345184,0.6
7,345,1.0562886,0.55
7,346,1.1103324,0.55
7,347,0.9464744,0.6
7,348,1.0762453,0.6
7,349,0.9309553,0.6
7,350,1.00928,0.65
8,351,0.9977951,0.55
8,352,1.2033548,0.55
8,353,0.6878717,0.8
8,354,1.3766727,0.55
8,355,1.2863414,0.35
8,356,1.0337068,0.55
8,357,1.106194,0.5
8,358,0.8954984,0.6
8,359,1.2066061,0.45
8,360,1.2305108,0.45
8,361,1.0581075,0.5
8,362,0.90528095,0.7
8,363,1.0004848,0.55
8,364,1.267815,0.45
8,365,1.1238154,0.55
8,366,1.4456862,0.4
8,367,0.8027337,0.75
8,368,1.1776488,0.65
8,369,1.3225305,0.35
8,370,0.96166456,0.55
8,371,0.82810116,0.8
8,372,1.2154081,0.5
8,373,0.94752634,0.55
8,374,1.1655047,0.6
8,375,1.0174353,0.45
8,376,1.1067411,0.55
8,377,0.94266605,0.65
8,378,1.3384265,0.5
8,379,0.9613519,0.6
8,380,0.70947,0.8
8,381,1.1251028,0.5
8,382,1.0135801,0.6
8,383,1.1187598,0.6
8,384,1.0353634,0.6
8,385,1.0225528,0.45
8,386,1.0905033,0.55
8,387,0.9028778,0.75
8,388,0.83626044,0.7
8,389,1.292236,0.45
8,390,1.0537058,0.55
8,391,0.8821248,0.75
8,392,0.84407824,0.55
8,393,1.013858,0.45
8,394,0.95770186,0.5
8,395,1.0359399,0.65
8,396,0.8264917,0.7
8,397,1.0218084,0.6
8,398,1.1839716,0.5
8,399,1.297406,0.3
8,400,0.88050044,0.6
9,401,0.85919666,0.7
9,402,0.9617802,0.65
9,403,1.0526047,0.4
9,404,1.0140884,0.5
9,405,1.0164673,0.6
9,406,1.0554488,0.55
9,407,0.9045967,0.65
9,408,0.8620288,0.7
9,409,0.8784258,0.65
9,410,0.9961692,0.65
9,411,0.7609063,0.8
9,412,0.9600214,0.5
9,413,1.1833472,0.5
9,414,1.2441375,0.45
9,415,1.0551666,0.5
9,416,1.296082,0.5
9,417,0.74168146,0.7
9,418,0.72041875,0.8
9,419,1.4334514,0.55
9,420,1.4250497,0.35
9,421,1.3400134,0.45
9,422,0.7738589,0.75
9,423,1.2216525,0.65
9,424,1.029958,0.6
9,425,0.90671253,0.75
9,426,0.6775308,0.9
9,427,0.71123075,0.8
9,428,1.2061279,0.6
9,429,1.0027417,0.65
9,430,1.0580481,0.45
9,431,0.8057259,0.75
9,432,1.0319884,0.45
9,433,1.011966,0.6
9,434,1.0863533,0.65
9,435,0.803445,0.65
9,436,1.0018562,0.5
9,437,0.91882193,0.7
9,438,1.1623561,0.45
9,439,0.9940829,0.6
9,440,1.1023991,0.5
9,441,1.4976928,0.3
9,442,0.73217356,0.65
9,443,0.62385035,0.85
9,444,1.2191305,0.5
9,445,1.0322554,0.6
9,446,0.95126855,0.7
9,447,1.0655093,0.5
9,448,0.7728558,0.8
9,449,1.1239235,0.65
9,450,0.9785363,0.6
10,451,1.2030823,0.45
10,452,1.11527,0.45
10,453,0.8847791,0.7
10,454,1.3436674,0.5
10,455,0.92395,0.75
10,456,1.0401928,0.55
10,457,0.745826,0.65
10,458,1.2054584,0.6
10,459,1.013962,0.45
10,460,0.91768885,0.7
10,461,0.9318042,0.45
10,462,0.9275938,0.6
10,463,0.8359596,0.75
10,464,1.0850146,0.6
10,465,1.1527936,0.6
10,466,1.2511481,0.6
10,467,0.9106765,0.7
10,468,1.228805,0.45
10,469,1.0219601,0.65
10,470,0.89342356,0.7
10,471,1.137335,0.55
10,472,1.2945259,0.55
10,473,1.0153143,0.6
10,474,1.0359737,0.55
10,475,0.91099614,0.6
10,476,1.0289965,0.6
10,477,1.1351931,0.55
10,478,0.9570255,0.7
10,479,0.9612733,0.6
10,480,1.1275048,0.5
10,481,1.0452052,0.6
10,482,1.1960341,0.55
10,483,0.85935247,0.65
10,484,0.806811,0.75
10,485,0.9189494,0.6
10,486,0.79794824,0.65
10,487,0.7556314,0.7
10,488,1.3448577,0.5
10,489,0.8580435,0.75
10,490,0.9769332,0.55
10,491,1.0232694,0.7
10,492,1.3684127,0.35
10,493,1.0156604,0.5
10,494,1.0245907,0.55
10,495,1.1819319,0.4
10,496,1.1216272,0.5
10,497,0.9429697,0.65
10,498,0.83301276,0.65
10,499,0.78786314,0.65
10,500,1.1762078,0.45
11,501,0.9811386,0.65
11,502,0.9905165,0.7
11,503,0.9766199,0.55
11,504,0.9024824,0.6
11,505,1.1053559,0.5
11,506,0.97990245,0.65
11,507,1.0882757,0.6
11,508,0.88336027,0.6
11,509,0.91774684,0.6
11,510,1.0392082,0.6
11,511,1.1853772,0.55
11,512,1.6305611,0.35
11,513,0.76866686,0.8
11,514,1.2141984,0.5
11,515,1.2783144,0.45
11,516,1.3400478,0.55
11,517,0.9327216,0.65
11,518,0.6817277,0.85
11,519,1.0139678,0.6
11,520,1.1660967,0.35
11,521,0.8524467,0.7
11,522,1.1426389,0.5
11,523,1.3721976,0.5
11,524,0.76600385,0.8
11,525,1.3824775,0.4
11,526,0.9824917,0.55
11,527,0.9451691,0.6
11,528,0.810833,0.6
11,529,0.9529849,0.6
11,530,0.96135056,0.65
11,531,1.1258222,0.45
11,532,0.93088245,0.7
11,533,0.80604774,0.6
11,534,0.77788776,0.65
11,535,1.1541837,0.5
11,536,1.4106638,0.55
11,537,1.1288035,0.5
11,538,1.1948701,0.5
11,539,1.1136974,0.6
11,540,1.1179364,0.65
11,541,0.8831731,0.75
11,542,1.0465485,0.65
11,543,1.2319082,0.45
11,544,1.0946072,0.55
11,545,0.87146264,0.55
11,546,1.198875,0.5
11,547,0.92706645,0.6
11,548,1.2016456,0.55
11,549,0.90527475,0.55
11,550,1.1510303,0.55
12,551,0.9946419,0.55
12,552,1.1953167,0.55
12,553,1.033539,0.6
12,554,0.78580815,0.7
12,555,0.85389996,0.7
12,556,0.77452004,0.65
12,557,0.7459303,0.8
12,558,1.0987114,0.5
12,559,0.9220389,0.65
12,560,0.7804252,0.75
12,561,1.1630998,0.5
12,562,1.0313741,0.55
12,563,1.1950686,0.65
12,564,0.84866315,0.65
12,565,0.8777644,0.65
12,566,1.2499919,0.4
12,567,0.75626504,0.6
12,568,1.0037597,0.6
12,569,0.9649725,0.7
12,570,0.81047696,0.7
12,571,1.1611888,0.6
12,572,1.1529828,0.5
12,573,1.0069362,0.55
12,574,0.7054032,0.8
12,575,1.0131326,0.5
12,576,1.4863288,0.45
12,577,0.9341775,0.6
12,578,0.8493692,0.65
12,579,1.0260075,0.55
12,580,1.4100807,0.5
12,581,1.2871197,0.45
12,582,0.622738,0.9
12,583,1.0653862,0.45
12,584,0.88818896,0.6
12,585,0.8319229,0.6
12,586,0.9698318,0.45
12,587,1.4804069,0.25
12,588,1.1710567,0.6
12,589,1.1557834,0.45
12,590,1.2818362,0.55
12,591,0.94345826,0.7
12,592,0.9024245,0.55
12,593,0.96628666,0.7
12,594,0.8766416,0.7
12,595,1.1072401,0.5
12,596,0.81466264,0.6
12,597,1.0530963,0.5
12,598,1.1866814,0.5
12,599,0.90382606,0.7
12,600,0.87014234,0.65
13,601,0.9064662,0.7
13,602,0.9659872,0.65
13,603,0.98580915,0.65
13,604,0.88935673,0.75
13,605,1.6099565,0.35
13,606,1.1360216,0.6
13,607,1.1001521,0.75
13,608,0.96292037,0.7
13,609,0.85733235,0.65
13,610,1.0730631,0.65
13,611,1.3311961,0.45
13,612,1.0457375,0.5
13,613,0.94231653,0.7
13,614,1.5609429,0.35
13,615,0.94190884,0.65
13,616,0.9024364,0.65
13,617,1.0757507,0.5
13,618,1.2362788,0.4
13,619,1.0046189,0.6
13,620,1.0268342,0.7
13,621,1.1543405,0.6
13,622,0.9274886,0.65
13,623,0.99619645,0.5
13,624,1.1611961,0.6
13,625,0.8279702,0.7
13,626,1.170782,0.4
13,627,0.9310951,0.6
13,628,1.2346795,0.45
13,629,1.0291008,0.5
13,630,0.8652915,0.7
13,631,0.968478,0.5
13,632,1.3449944,0.5
13,633,0.84031427,0.7
13,634,0.8616611,0.7
13,635,1.1599926,0.55
13,636,0.83286446,0.6
13,637,0.9997948,0.55
13,638,0.87822044,0.6
13,639,1.0594339,0.65
13,640,0.8852501,0.6
13,641,0.6793362,0.8
13,642,0.93914205,0.6
13,643,1.0707669,0.6
13,644,0.90066195,0.55
13,645,1.0157094,0.5
13,646,1.1800491,0.6
13,647,0.96210957,0.6
13,648,1.1146505,0.55
13,649,0.83655393,0.65
13,650,0.8630679,0.65
14,651,0.9252225,0.65
14,652,1.2433366,0.45
14,653,0.91387856,0.6
14,654,0.98334515,0.6
14,655,1.0493913,0.5
14,656,1.0489194,0.5
14,657,1.045878,0.55
14,658,1.3599699,0.5
14,659,1.29545,0.5
14,660,1.0431064,0.6
14,661,0.8723127,0.6
14,662,1.111388,0.7
14,663,0.7289712,0.7
14,664,1.0694048,0.55
14,665,1.2599944,0.55
14,666,1.015009,0.55
14,667,1.1657186,0.45
14,668,1.1977408,0.55
14,669,0.9942595,0.55
14,670,1.0576541,0.55
14,671,1.1330794,0.55
14,672,0.9888722,0.5
14,673,0.8880805,0.55
14,674,1.4172215,0.3
14,675,1.1923338,0.4
14,676,0.9510099,0.6
14,677,0.9152104,0.6
14,678,0.67538494,0.75
14,679,0.98292667,0.6
14,680,0.7300587,0.8
14,681,1.3169463,0.4
14,682,0.9979063,0.7
14,683,0.7833643,0.8
14,684,0.8848196,0.7
14,685,1.1343262,0.45
14,686,1.1030625,0.4
14,687,0.92211705,0.6
14,688,1.1035486,0.45
14,689,0.7978967,0.65
14,690,0.7464117,0.65
14,691,1.2150918,0.4
14,692,0.7820353,0.75
14,693,0.80273116,0.8
14,694,0.90667117,0.6
14,695,1.1313008,0.45
14,696,1.2556152,0.5
14,697,1.0749032,0.55
14,698,0.7681384,0.6
14,699,0.94516957,0.65
14,700,0.7474748,0.85
15,701,0.90796363,0.6
15,702,0.63997924,0.75
15,703,0.81764853,0.7
15,704,0.72784775,0.65
15,705,0.9912098,0.6
15,706,0.8851965,0.65
15,707,1.0551574,0.65
15,708,1.0749447,0.5
15,709,1.2473385,0.5
15,710,1.0618002,0.6
15,711,0.7670697,0.65
15,712,1.0829256,0.55
15,713,1.1047403,0.6
15,714,1.031875,0.5
15,715,1.1236933,0.55
15,716,1.026267,0.5
15,717,1.14993,0.65
15,718,1.018007,0.65
15,719,1.1693336,0.6
15,720,1.0632337,0.55
15,721,1.0122466,0.65
15,722,0.88121927,0.6
15,723,0.7394199,0.85
15,724,1.0273594,0.55
15,725,0.9115324,0.5
15,726,0.91105175,0.7
15,727,0.88850516,0.7
15,728,1.0484966,0.55
15,729,0.92948353,0.65
15,730,0.8527403,0.7
15,731,1.4189483,0.45
15,732,1.1656694,0.5
15,733,0.98978376,0.5
15,734,1.2790558,0.5
15,735,1.2472279,0.5
15,736,0.751676,0.8
15,737,0.94717914,0.7
15,738,1.2195156,0.4
15,739,1.0397613,0.55
15,740,0.83494884,0.65
15,741,1.0641783,0.6
15,742,1.0590155,0.5
15,743,0.81963366,0.6
15,744,1.3293889,0.5
15,745,1.0930622,0.6
15,746,0.76561576,0.65
15,747,0.877145,0.55
15,748,1.0925474,0.55
15,749,0.9065502,0.65
15,750,0.92527246,0.7
16,751,0.9556748,0.65
16,752,0.8016472,0.75
16,753,1.151131,0.65
16,754,0.68371916,0.75
16,755,1.2188345,0.6
16,756,1.1276646,0.4
16,757,0.853308,0.65
16,758,0.98242587,0.6
16,759,0.7178968,0.75
16,760,1.1059431,0.55
16,761,0.8372758,0.75
16,762,0.67854255,0.75
16,763,0.69534093,0.75
16,764,1.1207964,0.65
16,765,0.94895697,0.55
16,766,0.9535723,0.7
16,767,1.0679134,0.45
16,768,1.0802522,0.65
16,769,1.109894,0.5
16,770,1.2213457,0.45
16,771,0.8752135,0.65
16,772,1.223057,0.5
16,773,0.9702163,0.5
16,774,0.99906826,0.65
16,775,0.9303489,0.75
16,776,1.0716271,0.45
16,777,1.2621294,0.4
16,778,1.2885427,0.5
16,779,0.9426977,0.55
16,780,1.2937604,0.55
16,781,1.0459683,0.5
16,782,1.1775267,0.45
16,783,1.4315493,0.35
16,784,0.8779688,0.65
16,785,0.94869804,0.55
16,786,0.9727622,0.55
16,787,1.0917432,0.5
16,788,0.85732573,0.65
16,789,0.9853694,0.65
16,790,1.022853,0.65
16,791,0.822142,0.6
16,792,0.9182023,0.65
16,793,1.1206762,0.6
16,794,1.3885136,0.4
16,795,1.0005442,0.6
16,796,0.9410862,0.7
16,797,1.0722086,0.5
16,798,0.7133775,0.8
16,799,1.097969,0.45
16,800,1.274322,0.45
17,801,0.93515635,0.6
17,802,1.2858483,0.65
17,803,0.9578139,0.8
17,804,1.3106613,0.4
17,805,0.9600595,0.6
17,806,0.95342195,0.6
17,807,0.9820914,0.6
17,808,1.5678967,0.25
17,809,1.0928711,0.5
17,810,0.93950856,0.7
17,811,1.2710749,0.55
17,812,1.0754702,0.6
17,813,1.1812164,0.5
17,814,0.9034214,0.55
17,815,0.7208664,0.7
17,816,0.9162998,0.55
17,817,1.008211,0.55
17,818,0.8263874,0.7
17,819,1.1183101,0.55
17,820,0.94125336,0.65
17,821,0.85221183,0.7
17,822,0.95195407,0.65
17,823,0.95874435,0.55
17,824,1.0645839,0.45
17,825,1.2503927,0.45
17,826,1.1124444,0.65
17,827,1.0324187,0.5
17,828,1.0213361,0.55
17,829,1.2710369,0.5
17,830,1.086176,0.75
17,831,1.1013377,0.55
17,832,1.0084645,0.6
17,833,1.0283964,0.5
17,834,1.0605505,0.5
17,835,0.80082333,0.7
17,836,0.96546304,0.65
17,837,1.0420388,0.5
17,838,1.4972613,0.3
17,839,1.0900667,0.65
17,840,1.439848,0.45
17,841,1.2369812,0.45
17,842,1.1261525,0.55
17,843,1.3412558,0.5
17,844,0.82711345,0.8
17,845,0.9776767,0.55
17,846,1.2320651,0.5
17,847,0.8995139,0.55
17,848,1.0688338,0.65
17,849,0.8839342,0.55
17,850,0.8435317,0.65
18,851,1.2824178,0.5
18,852,1.0066351,0.65
18,853,1.0875963,0.5
18,854,0.9658516,0.55
18,855,0.946256,0.7
18,856,0.797926,0.55
18,857,1.1329516,0.45
18,858,1.1775839,0.55
18,859,0.9948635,0.65
18,860,0.94859827,0.6
18,861,0.7633897,0.8
18,862,0.7481349,0.8
18,863,1.2694906,0.4
18,864,1.1568667,0.55
18,865,0.6565293,0.85
18,866,0.9165646,0.6
18,867,1.3276967,0.55
18,868,1.128253,0.65
18,869,1.0405586,0.45
18,870,1.4273639,0.4
18,871,0.8858492,0.7
18,872,1.0571669,0.6
18,873,1.2067188,0.5
18,874,0.9592434,0.4
18,875,1.0606638,0.55
18,876,1.3892624,0.35
18,877,1.121839,0.55
18,878,0.79531723,0.75
18,879,0.98235047,0.7
18,880,1.2555366,0.35
18,881,1.037792,0.6
18,882,0.7630215,0.8
18,883,1.1234462,0.5
18,884,0.65557563,0.75
18,885,1.2099572,0.5
18,886,1.0703425,0.55
18,887,1.1399939,0.5
18,888,0.99573386,0.5
18,889,0.9457806,0.6
18,890,1.1122323,0.6
18,891,0.97970694,0.6
18,892,1.2165626,0.55
18,893,1.0123073,0.55
18,894,0.76462954,0.75
18,895,1.0659752,0.7
18,896,0.98882407,0.55
18,897,0.9267651,0.65
18,898,0.8500264,0.7
18,899,0.7343937,0.7
18,900,1.2799442,0.45
19,901,1.1930029,0.45
19,902,0.82318604,0.55
19,903,1.2550052,0.5
19,904,0.6590113,0.75
19,905,0.9471518,0.45
19,906,0.77192795,0.7
19,907,1.084522,0.5
19,908,1.0474159,0.5
19,909,1.3959718,0.45
19,910,0.93278563,0.55
19,911,1.076509,0.5
19,912,0.7919535,0.7
19,913,1.1794116,0.5
19,914,0.71777034,0.65
19,915,1.2331808,0.5
19,916,1.2455155,0.5
19,917,1.0492704,0.5
19,918,0.6561297,0.8
19,919,0.7904399,0.65
19,920,0.9017979,0.7
19,921,0.93405426,0.6
19,922,1.0516135,0.5
19,923,1.0181268,0.55
19,924,0.92513496,0.65
19,925,1.0610727,0.6
19,926,1.2037374,0.55
19,927,0.9447762,0.55
19,928,1.0049958,0.55
19,929,1.0161458,0.6
19,930,1.0207428,0.6
19,931,1.0451416,0.75
19,932,1.166343,0.5
19,933,1.0054619,0.55
19,934,0.9209822,0.5
19,935,1.0063876,0.65
19,936,0.95063114,0.6
19,937,1.1527088,0.45
19,938,0.84235495,0.7
19,939,0.8880013,0.7
19,940,1.0048968,0.5
19,941,1.085994,0.45
19,942,0.7230534,0.65
19,943,0.87357986,0.7
19,944,1.3130322,0.4
19,945,0.8391733,0.65
19,946,0.9251405,0.55
19,947,1.1723335,0.45
19,948,0.9663907,0.5
19,949,0.73830193,0.75
19,950,0.94724435,0.65
20,951,0.9077624,0.75
20,952,0.89568806,0.65
20,953,1.1311808,0.5
20,954,1.0296881,0.6
20,955,1.0241286,0.7
20,956,0.97398645,0.55
20,957,0.94645673,0.55
20,958,0.89371365,0.65
20,959,1.0115227,0.6
20,960,0.87755144,0.8
20,961,1.1736662,0.55
20,962,0.9023434,0.7
20,963,1.0355759,0.6
20,964,0.9539235,0.65
20,965,1.0402648,0.6
20,966,1.1153569,0.4
20,967,1.2575166,0.5
20,968,1.0965456,0.6
20,969,0.8773947,0.6
20,970,1.0357094,0.65
20,971,1.0402901,0.65
20,972,0.95425206,0.55
20,973,1.3763193,0.3
20,974,0.7919649,0.65
20,975,1.152892,0.55
20,976,1.0549228,0.55
20,977,0.9079425,0.45
20,978,1.0077639,0.7
20,979,0.89223176,0.6
20,980,0.92615,0.6
20,981,0.9471089,0.6
20,982,0.7305435,0.65
20,983,0.98410237,0.6
20,984,1.2776197,0.55
20,985,0.9377329,0.7
20,986,1.1223059,0.65
20,987,1.0336797,0.45
20,988,1.1323313,0.45
20,989,1.318758,0.4
20,990,1.1950428,0.55
20,991,0.9069122,0.75
20,992,0.5466735,0.9
20,993,1.028582,0.6
20,994,1.018923,0.65
20,995,1.0638844,0.55
20,996,1.0769169,0.65
20,997,0.80763656,0.75
20,998,0.82813895,0.65
20,999,0.7429887,0.7
20,1000,1.2318658,0.45
21,1001,1.2394814,0.5
21,1002,0.9323721,0.6
21,1003,1.0737833,0.55
21,1004,0.741165,0.75
21,1005,0.8448696,0.7
21,1006,0.9845848,0.5
21,1007,1.2474892,0.3
21,1008,1.1275676,0.6
21,1009,1.1187999,0.4
21,1010,0.90212166,0.65
21,1011,1.1086724,0.6
21,1012,1.126002,0.45
21,1013,0.8486921,0.7
21,1014,0.7867757,0.65
21,1015,0.96666896,0.65
21,1016,0.9611395,0.5
21,1017,0.8788048,0.7
21,1018,0.9021918,0.7
21,1019,1.3814306,0.5
21,1020,0.9268278,0.75
21,1021,1.1640173,0.55
21,1022,0.80148983,0.7
21,1023,0.8714286,0.65
21,1024,0.9190341,0.6
21,1025,1.1001507,0.4
21,1026,0.7995709,0.8
21,1027,1.1151035,0.45
21,1028,0.95655775,0.6
21,1029,0.8760527,0.7
21,1030,1.1760466,0.5
21,1031,1.1294863,0.55
21,1032,1.0852764,0.45
21,1033,1.1216642,0.55
21,1034,0.95982426,0.6
21,1035,1.2745746,0.45
21,1036,0.91861296,0.65
21,1037,0.8378476,0.75
21,1038,0.93895036,0.65
21,1039,0.7178169,0.75
21,1040,0.8748973,0.6
21,1041,1.2242877,0.55
21,1042,1.1049178,0.5
21,1043,1.1458662,0.45
21,1044,0.7935872,0.65
21,1045,1.0021735,0.65
21,1046,0.91802216,0.55
21,1047,0.972798,0.65
21,1048,0.833934,0.75
21,1049,0.9656593,0.6
21,1050,1.2095015,0.65
22,1051,0.841606,0.65
22,1052,1.451186,0.5
22,1053,0.892733,0.7
22,1054,1.0699356,0.4
22,1055,0.8646239,0.65
22,1056,1.2822882,0.6
22,1057,0.9137198,0.65
22,1058,1.0595354,0.5
22,1059,0.9171365,0.65
22,1060,0.7249503,0.8
22,1061,1.2458522,0.5
22,1062,0.82138187,0.65
22,1063,1.6191012,0.3
22,1064,0.8922011,0.75
22,1065,0.95528543,0.6
22,1066,0.74973905,0.8
22,1067,0.98515147,0.7
22,1068,0.8862311,0.65
22,1069,1.2107465,0.6
22,1070,1.1259625,0.45
22,1071,1.0084584,0.5
22,1072,1.1779282,0.45
22,1073,1.0388215,0.55
22,1074,0.86862326,0.6
22,1075,0.9310354,0.65
22,1076,0.9254755,0.65
22,1077,0.90844357,0.6
22,1078,1.200785,0.45
22,1079,0.6667619,0.85
22,1080,0.9547537,0.6
22,1081,0.946973,0.65
22,1082,1.1040313,0.6
22,1083,1.0971382,0.55
22,1084,1.1953528,0.65
22,1085,1.1299727,0.45
22,1086,0.8887924,0.7
22,1087,0.902902,0.65
22,1088,0.8892042,0.6
22,1089,1.1818497,0.65
22,1090,0.78053105,0.75
22,1091,0.9419894,0.5
22,1092,0.9224798,0.65
22,1093,0.81065625,0.65
22,1094,1.215291,0.45
22,1095,0.79544663,0.8
22,1096,0.68321764,0.85
22,1097,1.1475527,0.55
22,1098,1.0874197,0.45
22,1099,0.96937484,0.65
22,1100,1.2040076,0.5
23,1101,1.1253204,0.5
23,1102,1.2055609,0.5
23,1103,1.4074688,0.4
23,1104,0.7984536,0.7
23,1105,0.80877525,0.55
23,1106,1.3735374,0.35
23,1107,1.0804121,0.5
23,1108,1.2402176,0.5
23,1109,1.0508755,0.6
23,1110,0.9269598,0.65
23,1111,0.83500814,0.6
23,1112,0.8651012,0.7
23,1113,1.2738302,0.5
23,1114,0.9249407,0.75
23,1115,0.7931457,0.7
23,1116,1.0500705,0.6
23,1117,1.0330365,0.5
23,1118,0.9948244,0.65
23,1119,0.85873634,0.85
23,1120,0.9051733,0.65
23,1121,0.94632035,0.55
23,1122,1.0292437,0.65
23,1123,1.0100975,0.55
23,1124,0.8426118,0.65
23,1125,0.67757785,0.7
23,1126,0.6048788,0.8
23,1127,1.1024504,0.65
23,1128,1.0550259,0.5
23,1129,1.1380299,0.45
23,1130,1.0097123,0.65
23,1131,1.0006306,0.5
23,1132,1.0759165,0.55
23,1133,1.1453022,0.5
23,1134,0.90848696,0.65
23,1135,0.7359947,0.8
23,1136,0.98743314,0.55
23,1137,0.89539516,0.6
23,1138,1.1949233,0.45
23,1139,0.750774,0.8
23,1140,0.9824301,0.7
23,1141,0.8781618,0.65
23,1142,1.2808948,0.5
23,1143,1.0383922,0.65
23,1144,1.1000429,0.45
23,1145,1.2475784,0.4
23,1146,0.8209974,0.65
23,1147,0.96493256,0.55
23,1148,1.1627,0.55
23,1149,1.0761824,0.6
23,1150,0.813958,0.7
24,1151,0.7672879,0.65
24,1152,0.9764298,0.55
24,1153,0.7799904,0.6
24,1154,1.0099752,0.6
24,1155,1.2132858,0.6
24,1156,0.98879874,0.55
24,1157,0.8509901,0.65
24,1158,0.92441857,0.65
24,1159,0.92520034,0.55
24,1160,1.1166449,0.55
24,1161,0.96423656,0.6
24,1162,0.96747386,0.65
24,1163,0.95356166,0.6
24,1164,1.277849,0.5
24,1165,1.6220963,0.35
24,1166,0.9293717,0.6
24,1167,1.0548005,0.45
24,1168,1.212389,0.4
24,1169,1.2981607,0.55
24,1170,0.9946348,0.55
24,1171,1.1002817,0.45
24,1172,0.9811753,0.6
24,1173,0.91950923,0.7
24,1174,1.0611674,0.5
24,1175,1.3394597,0.5
24,1176,0.9141453,0.7
24,1177,1.0532209,0.45
24,1178,1.5667111,0.45
24,1179,1.1115208,0.5
24,1180,0.9167266,0.7
24,1181,1.0110698,0.6
24,1182,1.1704156,0.5
24,1183,0.86792725,0.65
24,1184,0.8895181,0.65
24,1185,1.0672171,0.55
24,1186,0.87262505,0.65
24,1187,0.892892,0.75
24,1188,0.72964895,0.65
24,1189,1.2187477,0.45
24,1190,0.9336079,0.6
24,1191,0.8706478,0.75
24,1192,0.91016835,0.65
24,1193,1.2159646,0.6
24,1194,1.1585928,0.5
24,1195,0.89074004,0.75
24,1196,0.84852564,0.8
24,1197,0.89659965,0.65
24,1198,0.78045,0.7
24,1199,0.9378136,0.55
24,1200,0.8826891,0.65
25,1201,0.99210393,0.65
25,1202,0.83101,0.7
25,1203,0.993375,0.55
25,1204,0.9754733,0.7
25,1205,1.3319404,0.5
25,1206,0.7922494,0.8
25,1207,0.9510447,0.5
25,1208,1.3350089,0.4
25,1209,0.89358866,0.65
25,1210,1.0469224,0.55
25,1211,0.91788673,0.65
25,1212,0.91102535,0.7
25,1213,0.81517565,0.75
25,1214,0.9332386,0.55
25,1215,0.9713861,0.55
25,1216,0.8925478,0.4
25,1217,0.9027384,0.55
25,1218,0.9927273,0.6
25,1219,1.0946593,0.4
25,1220,1.3452878,0.35
25,1221,0.92159784,0.6
25,1222,1.3970823,0.4
25,1223,0.71040195,0.8
25,1224,1.0204315,0.55
25,1225,0.9436221,0.6
25,1226,0.98957384,0.7
25,1227,1.1630365,0.55
25,1228,0.93581706,0.65
25,1229,0.9807458,0.5
25,1230,1.0580344,0.5
25,1231,0.9333128,0.6
25,1232,1.107455,0.6
25,1233,0.81362504,0.7
25,1234,1.0337381,0.6
25,1235,1.0964671,0.55
25,1236,0.6113608,0.85
25,1237,0.8952077,0.6
25,1238,0.88906574,0.6
25,1239,1.1465867,0.6
25,1240,1.231365,0.45
25,1241,1.0357124,0.5
25,1242,0.91392076,0.55
25,1243,1.2094969,0.6
25,1244,1.3172735,0.5
25,1245,0.9220661,0.65
25,1246,1.0992681,0.6
25,1247,0.95474195,0.6
25,1248,0.90107566,0.65
25,1249,1.1696624,0.45
25,1250,0.82275265,0.8
26,1251,0.79207605,0.65
26,1252,1.0755818,0.55
26,1253,1.0544951,0.55
26,1254,1.0735734,0.55
26,1255,1.2173572,0.6
26,1256,0.71685946,0.75
26,1257,0.98840934,0.6
26,1258,0.8508747,0.7
26,1259,0.88243675,0.7
26,1260,0.713882,0.7
26,1261,0.8807564,0.65
26,1262,1.5726075,0.4
26,1263,1.3100445,0.4
26,1264,1.2715226,0.4
26,1265,1.2080805,0.5
26,1266,1.039372,0.55
26,1267,1.1053236,0.55
26,1268,0.8151288,0.75
26,1269,1.0485034,0.5
26,1270,0.8828598,0.75
26,1271,1.0297472,0.6
26,1272,1.0510392,0.45
26,1273,1.0019776,0.5
26,1274,1.0302888,0.5
26,1275,0.9752501,0.7
26,1276,1.2191652,0.5
26,1277,0.811396,0.7
26,1278,1.0411859,0.6
26,1279,1.3297813,0.45
26,1280,0.82628804,0.7
26,1281,0.6672526,0.8
26,1282,0.9370648,0.6
26,1283,1.0066857,0.45
26,1284,1.0284759,0.6
26,1285,0.6141977,0.85
26,1286,1.0417321,0.6
26,1287,1.41978,0.35
26,1288,0.99609697,0.7
26,1289,0.9090902,0.65
26,1290,1.0594503,0.6
26,1291,0.8215953,0.65
26,1292,1.0936239,0.5
26,1293,1.2808616,0.3
26,1294,0.89472806,0.6
26,1295,1.0962999,0.55
26,1296,1.1989017,0.55
26,1297,0.9675787,0.65
26,1298,0.9465806,0.65
26,1299,0.8613213,0.75
26,1300,0.8528341,0.75
27,1301,1.2136286,0.5
27,1302,0.80139124,0.7
27,1303,1.3086722,0.5
27,1304,0.9829391,0.6
27,1305,0.8767101,0.55
27,1306,1.1514637,0.65
27,1307,0.9189745,0.7
27,1308,0.76617754,0.7
27,1309,0.8567395,0.65
27,1310,1.1158078,0.65
27,1311,1.024971,0.4
27,1312,1.0698898,0.5
27,1313,0.64793146,0.9
27,1314,1.2544056,0.5
27,1315,1.3220805,0.45
27,1316,1.0068799,0.5
27,1317,0.6979977,0.75
27,1318,0.95326483,0.65
27,1319,0.9992347,0.7
27,1320,0.8788937,0.65
27,1321,1.0410186,0.55
27,1322,1.1389205,0.45
27,1323,0.87612665,0.8
27,1324,1.0297834,0.5
27,1325,0.7744531,0.65
27,1326,0.90640974,0.8
27,1327,1.0460255,0.6
27,1328,1.2900542,0.45
27,1329,0.88346463,0.65
27,1330,1.0561049,0.55
27,1331,0.94823253,0.65
27,1332,0.81760895,0.8
27,1333,0.8561535,0.8
27,1334,1.0518148,0.45
27,1335,1.0600624,0.45
27,1336,0.8615581,0.75
27,1337,0.9863512,0.35
27,1338,0.80750453,0.7
27,1339,0.8192053,0.65
27,1340,1.0556564,0.65
27,1341,1.0683118,0.5
27,1342,0.9855323,0.45
27,1343,1.4421799,0.5
27,1344,1.1717652,0.45
27,1345,1.1424474,0.45
27,1346,0.91380435,0.65
27,1347,1.1869508,0.45
27,1348,0.8686531,0.65
27,1349,1.115158,0.4
27,1350,0.955264,0.7
28,1351,0.92191344,0.65
28,1352,1.1277152,0.55
28,1353,0.9887805,0.6
28,1354,0.89652616,0.55
28,1355,0.77152306,0.7
28,1356,0.7491655,0.9
28,1357,1.4186904,0.4
28,1358,1.0359179,0.4
28,1359,1.1491048,0.5
28,1360,0.8250763,0.65
28,1361,0.9049717,0.7
28,1362,1.0122985,0.6
28,1363,1.1828793,0.5
28,1364,1.2220637,0.65
28,1365,0.77837586,0.7
28,1366,0.97618836,0.6
28,1367,0.98919564,0.6
28,1368,1.1418703,0.4
28,1369,0.9899105,0.65
28,1370,1.0538363,0.45
28,1371,1.3273225,0.45
28,1372,1.4341086,0.45
28,1373,1.058846,0.6
28,1374,0.84869975,0.65
28,1375,0.77198017,0.75
28,1376,0.74903786,0.8
28,1377,1.0966519,0.5
28,1378,0.93285465,0.65
28,1379,1.1161356,0.55
28,1380,0.7673651,0.7
28,1381,0.9094307,0.6
28,1382,0.94213563,0.6
28,1383,1.1700786,0.3
28,1384,0.76159257,0.75
28,1385,1.0824524,0.5
28,1386,0.9279213,0.6
28,1387,0.8808489,0.7
28,1388,0.8208062,0.7
28,1389,0.68930244,0.75
28,1390,1.0436056,0.65
28,1391,0.8404846,0.75
28,1392,1.1298442,0.55
28,1393,1.1184617,0.55
28,1394,0.6675591,0.8
28,1395,0.80441344,0.8
28,1396,0.9516179,0.55
28,1397,1.0455089,0.55
28,1398,0.91298115,0.65
28,1399,0.8717392,0.6
28,1400,0.91744936,0.7
29,1401,0.83973837,0.75
29,1402,0.7868291,0.7
29,1403,1.1146767,0.5
29,1404,1.2882421,0.4
29,1405,1.1340598,0.6
29,1406,1.1218046,0.5
29,1407,1.1122694,0.45
29,1408,1.0752683,0.45
29,1409,1.026736,0.6
29,1410,0.8803461,0.85
29,1411,1.1784275,0.35
29,1412,0.9194504,0.65
29,1413,1.1345301,0.5
29,1414,0.97545576,0.7
29,1415,1.0010512,0.55
29,1416,0.9064983,0.7
29,1417,1.122463,0.55
29,1418,1.062547,0.5
29,1419,1.1905137,0.45
29,1420,1.2981033,0.65
29,1421,0.9390129,0.6
29,1422,0.9891839,0.7
29,1423,1.2329772,0.35
29,1424,0.9621829,0.6
29,1425,1.0073185,0.5
29,1426,1.2608567,0.4
29,1427,0.8019513,0.6
29,1428,0.8911807,0.55
29,1429,0.9376828,0.65
29,1430,0.8582667,0.55
29,1431,0.82013786,0.7
29,1432,1.0653677,0.5
29,1433,0.98517764,0.5
29,1434,1.0833174,0.5
29,1435,0.6576702,0.8
29,1436,1.0957754,0.6
29,1437,1.0344034,0.65
29,1438,0.9741863,0.7
29,1439,1.0329369,0.7
29,1440,1.070554,0.65
29,1441,0.8642616,0.6
29,1442,0.8456852,0.7
29,1443,0.9027096,0.7
29,1444,0.70509005,0.7
29,1445,0.8477909,0.7
29,1446,1.0193275,0.55
29,1447,0.7483164,0.8
29,1448,1.0846562,0.55
29,1449,0.83643115,0.6
29,1450,0.9954276,0.65
30,1451,1.0931528,0.55
30,1452,0.7952071,0.7
30,1453,0.81792086,0.65
30,1454,0.9458941,0.65
30,1455,1.1110713,0.65
30,1456,0.71682453,0.8
30,1457,0.99346733,0.7
30,1458,0.81757146,0.65
30,1459,0.92278135,0.45
30,1460,0.8967498,0.65
30,1461,0.93008596,0.65
30,1462,1.0694349,0.6
30,1463,0.9999504,0.6
30,1464,1.048746,0.5
30,1465,1.0048306,0.55
30,1466,1.1886015,0.4
30,1467,1.0116452,0.65
30,1468,1.2552137,0.4
30,1469,0.8450135,0.65
30,1470,1.0022167,0.55
30,1471,0.87560976,0.6
30,1472,1.3485892,0.5
30,1473,0.97602594,0.6
30,1474,1.0437338,0.6
30,1475,1.5632433,0.25
30,1476,1.2574105,0.5
30,1477,1.1663023,0.5
30,1478,0.9361388,0.6
30,1479,1.1376178,0.5
30,1480,0.8439945,0.65
30,1481,1.0935003,0.6
30,1482,0.905783,0.6
30,1483,0.8601047,0.6
30,1484,1.0474089,0.65
30,1485,1.0820333,0.45
30,1486,0.9413126,0.6
30,1487,1.206649,0.5
30,1488,1.1740799,0.6
30,1489,1.4309297,0.35
30,1490,1.1787015,0.65
30,1491,0.8081683,0.65
30,1492,0.87924623,0.6
30,1493,1.0372407,0.5
30,1494,1.0831112,0.6
30,1495,1.0999321,0.5
30,1496,0.9707469,0.65
30,1497,0.765784,0.65
30,1498,0.80190325,0.7
30,1499,1.1945827,0.4
30,1500,1.2951998,0.5
